,all_q05,all_q50,all_q95,aer_q05,aer_q50,aer_q95,all2000aer_q05,all2000aer_q50,all2000aer_q95,aer2000aer_q05,aer2000aer_q50,aer2000aer_q95
1750,0.0,0.0,0.0,0.0,0.0,0.0,0.0,0.0,0.0,0.0,0.0,0.0
1751,0.019569989971031838,0.03493587229238932,0.052672423035378495,0.0008073729745132416,0.0024171991899354997,0.005083300165180993,0.019569989971031838,0.03493587229238932,0.052672423035378495,0.0008073729745132416,0.0024171991899354997,0.005083300165180993
1752,0.037461326678734634,0.05483669042877815,0.0764654569364413,0.0019795129556034463,0.005199850310842913,0.009919944931887886,0.037461326678734634,0.05483669042877815,0.0764654569364413,0.0019795129556034463,0.005199850310842913,0.009919944931887886
1753,0.04344044444765528,0.06317650834184027,0.0856059263686731,0.0028229667784710963,0.007479864325260904,0.013971832802065334,0.04344044444765528,0.06317650834184027,0.0856059263686731,0.0028229667784710963,0.007479864325260904,0.013971832802065334
1754,0.04260763987077529,0.06355958169905698,0.08697710725121652,0.00306313275585654,0.008307101588931817,0.015598795820000108,0.04260763987077529,0.06355958169905698,0.08697710725121652,0.00306313275585654,0.008307101588931817,0.015598795820000108
1755,0.010070419944946854,0.02983568906326592,0.053399652877295006,0.0024378047626438942,0.007205968713002359,0.014098596631818443,0.010070419944946854,0.02983568906326592,0.053399652877295006,0.0024378047626438942,0.007205968713002359,0.014098596631818443
1756,0.003992848618515776,0.01733417828503442,0.03392104206147254,0.002484581323787073,0.00746998711960601,0.014748529554034676,0.003992848618515776,0.01733417828503442,0.03392104206147254,0.002484581323787073,0.00746998711960601,0.014748529554034676
1757,0.011132871464519037,0.023983187658513844,0.03924473574448739,0.003055386151356053,0.008641324554758568,0.01660786653049838,0.011132871464519037,0.023983187658513844,0.03924473574448739,0.003055386151356053,0.008641324554758568,0.01660786653049838
1758,0.019559173409646004,0.03260410208357084,0.04966338279130067,0.0017397408393632526,0.006605871977200074,0.014260677602987534,0.019559173409646004,0.03260410208357084,0.04966338279130067,0.0017397408393632526,0.006605871977200074,0.014260677602987534
1759,0.03145847517003912,0.046410183244042044,0.06544747534215282,0.0016968268840216044,0.006505005769893116,0.014048494606739945,0.03145847517003912,0.046410183244042044,0.06544747534215282,0.0016968268840216044,0.006505005769893116,0.014048494606739945
1760,0.04343536864777297,0.061812761245246595,0.08302037206680855,0.0015327732628548363,0.006339827344313584,0.014021706890602698,0.04343536864777297,0.061812761245246595,0.08302037206680855,0.0015327732628548363,0.006339827344313584,0.014021706890602698
1761,0.05256345015456465,0.0738128339047045,0.0990852041029314,0.0006888923877224826,0.005190077952322472,0.012530377380323449,0.05256345015456465,0.0738128339047045,0.0990852041029314,0.0006888923877224826,0.005190077952322472,0.012530377380323449
1762,0.05742565862444639,0.08134060004071786,0.10905445775173439,0.00020785470525623573,0.004925840611324922,0.012304664424680437,0.05742565862444639,0.08134060004071786,0.10905445775173439,0.00020785470525623573,0.004925840611324922,0.012304664424680437
1763,-0.04308379805162793,-0.005044262649974332,0.03403112160012691,0.0010290322752652611,0.005721191210850761,0.013426555581799976,-0.04308379805162793,-0.005044262649974332,0.03403112160012691,0.0010290322752652611,0.005721191210850761,0.013426555581799976
1764,-0.06342621170856577,-0.03247307541199465,-0.0037443614277445705,0.0014386751312903678,0.006150827398533218,0.014120039703118707,-0.06342621170856577,-0.03247307541199465,-0.0037443614277445705,0.0014386751312903678,0.006150827398533218,0.014120039703118707
1765,-0.03466319453412632,-0.010808730193153485,0.010377816642094338,0.0030375606718284686,0.00873201331179244,0.01837168795765385,-0.03466319453412632,-0.010808730193153485,0.010377816642094338,0.0030375606718284686,0.00873201331179244,0.01837168795765385
1766,-0.006477912380674161,0.008781309191773966,0.02475837380965979,0.0019876031644885384,0.007302910365210434,0.015834913061199343,-0.006477912380674161,0.008781309191773966,0.02475837380965979,0.0019876031644885384,0.007302910365210434,0.015834913061199343
1767,0.009316926138521694,0.02209573027009181,0.038832473446964715,0.0021211086678487867,0.007561890367703802,0.016340946043271475,0.009316926138521694,0.02209573027009181,0.038832473446964715,0.0021211086678487867,0.007561890367703802,0.016340946043271475
1768,-0.02489055588421089,-0.009752109404816106,0.005168529103019303,0.0021412531696185233,0.00770214610851138,0.01673778374701998,-0.02489055588421089,-0.009752109404816106,0.005168529103019303,0.0021412531696185233,0.00770214610851138,0.01673778374701998
1769,-0.022358159838017894,-0.010408791406685214,0.001659173537257947,-0.0007270540765504131,0.004739122221640593,0.012944906896967506,-0.022358159838017894,-0.010408791406685214,0.001659173537257947,-0.0007270540765504131,0.004739122221640593,0.012944906896967506
1770,0.004017455917717214,0.0192318838433388,0.036519605897181555,-0.001026772549373803,0.004653513984383802,0.012426803159906779,0.004017455917717214,0.0192318838433388,0.036519605897181555,-0.001026772549373803,0.004653513984383802,0.012426803159906779
1771,0.02850160364510729,0.047645194901529075,0.07233373821425303,-0.0011607021122503752,0.004499228475657223,0.012260331755094181,0.02850160364510729,0.047645194901529075,0.07233373821425303,-0.0011607021122503752,0.004499228475657223,0.012260331755094181
1772,0.04527940446114827,0.06751750164751551,0.09603949856563297,0.0009184933996271086,0.006235011278379339,0.014874219720474181,0.04527940446114827,0.06751750164751551,0.09603949856563297,0.0009184933996271086,0.006235011278379339,0.014874219720474181
1773,0.05307737319049298,0.07819659797428702,0.10856803188169983,0.0022988499109914684,0.008270580821385945,0.018002134385748922,0.05307737319049298,0.07819659797428702,0.10856803188169983,0.0022988499109914684,0.008270580821385945,0.018002134385748922
1774,0.055407999798793066,0.08138506276506874,0.11186513678150059,0.0027049620379339043,0.008970768844918361,0.019326858561270498,0.055407999798793066,0.08138506276506874,0.11186513678150059,0.0027049620379339043,0.008970768844918361,0.019326858561270498
1775,0.051184404627920635,0.0760079351888076,0.10481260967916955,0.0008918630594109689,0.006452921069152906,0.01548840916790592,0.051184404627920635,0.0760079351888076,0.10481260967916955,0.0008918630594109689,0.006452921069152906,0.01548840916790592
1776,0.04672683659788908,0.07043512183371928,0.09694261851248989,0.0002607180209813764,0.006089395020897934,0.014963316816802325,0.04672683659788908,0.07043512183371928,0.09694261851248989,0.0002607180209813764,0.006089395020897934,0.014963316816802325
1777,0.043396745000706255,0.06650998777505064,0.09295557523474512,0.001138982191263821,0.006960015438080253,0.016288265634658614,0.043396745000706255,0.06650998777505064,0.09295557523474512,0.001138982191263821,0.006960015438080253,0.016288265634658614
1778,0.04181323727157104,0.06351540882435769,0.09054307829617078,-0.00021041515769318342,0.006023476194027891,0.014928217930549534,0.04181323727157104,0.06351540882435769,0.09054307829617078,-0.00021041515769318342,0.006023476194027891,0.014928217930549534
1779,0.04571401456742318,0.06767967582374185,0.09472167323007097,-0.0029494414555599133,0.0043810682457654515,0.013067951414997045,0.04571401456742318,0.06767967582374185,0.09472167323007097,-0.0029494414555599133,0.0043810682457654515,0.013067951414997045
1780,0.057295540284863916,0.08134498100269921,0.11003637256826446,-0.0026658704036555125,0.004729837665751413,0.013273787078335472,0.057295540284863916,0.08134498100269921,0.11003637256826446,-0.0026658704036555125,0.004729837665751413,0.013273787078335472
1781,0.0658307434884415,0.09348534050225,0.1255576500137407,-0.004762768291470085,0.003368406661276052,0.01196952728252021,0.0658307434884415,0.09348534050225,0.1255576500137407,-0.004762768291470085,0.003368406661276052,0.01196952728252021
1782,0.07185155301515249,0.10173898776675304,0.13756276042347967,-0.0056380827213079465,0.0031907117117744854,0.011670199028537553,0.07185155301515249,0.10173898776675304,0.13756276042347967,-0.0056380827213079465,0.0031907117117744854,0.011670199028537553
1783,0.07337836369403827,0.10509745963189557,0.14141517597439393,-0.004726162479179008,0.0036701814087290174,0.011970704879045363,0.07337836369403827,0.10509745963189557,0.14141517597439393,-0.004726162479179008,0.0036701814087290174,0.011970704879045363
1784,-0.15906808349496226,-0.07760411296007375,0.002604914844826625,-0.0034550844485913973,0.004229183152191243,0.012476157364356158,-0.15906808349496226,-0.07760411296007375,0.002604914844826625,-0.0034550844485913973,0.004229183152191243,0.012476157364356158
1785,-0.21079999593056647,-0.13351611545658404,-0.07299228181613487,-0.0017990281329935964,0.005827240807149553,0.015248786656225366,-0.21079999593056647,-0.13351611545658404,-0.07299228181613487,-0.0017990281329935964,0.005827240807149553,0.015248786656225366
1786,-0.15580766186193218,-0.0932666657595621,-0.04218175960040803,-0.0027784091247770176,0.0050317927997262785,0.013902262336680654,-0.15580766186193218,-0.0932666657595621,-0.04218175960040803,-0.0027784091247770176,0.0050317927997262785,0.013902262336680654
1787,-0.09360850777462812,-0.04353932527429023,-0.005972005106510043,-0.0024837513425474862,0.005394953507393489,0.014246264512134406,-0.09360850777462812,-0.04353932527429023,-0.005972005106510043,-0.0024837513425474862,0.005394953507393489,0.014246264512134406
1788,-0.043448528036365126,-0.008735113227058174,0.017457048500817224,-0.003837656866438971,0.004669785049126504,0.013317264233521621,-0.043448528036365126,-0.008735113227058174,0.017457048500817224,-0.003837656866438971,0.004669785049126504,0.013317264233521621
1789,-0.008028468724234433,0.018965151743024197,0.04260084621728551,-0.009634100209942188,0.0015927859169164692,0.010397743294087306,-0.008028468724234433,0.018965151743024197,0.04260084621728551,-0.009634100209942188,0.0015927859169164692,0.010397743294087306
1790,0.0234667522516797,0.04774060567744289,0.07807039130441248,-0.01031462432852289,0.0012100795395578526,0.00947842714277125,0.0234667522516797,0.04774060567744289,0.07807039130441248,-0.01031462432852289,0.0012100795395578526,0.00947842714277125
1791,0.044505797976077024,0.07001301779695632,0.1046666431034483,-0.011350256905163308,0.0008367087730752482,0.009084407558617974,0.044505797976077024,0.07001301779695632,0.1046666431034483,-0.011350256905163308,0.0008367087730752482,0.009084407558617974
1792,0.05659669895305572,0.08473993146491093,0.12080501290604444,-0.008921615363952279,0.00223033630943046,0.010490502634629625,0.05659669895305572,0.08473993146491093,0.12080501290604444,-0.008921615363952279,0.00223033630943046,0.010490502634629625
1793,0.06322704057228376,0.09335999547775514,0.13035821093031488,-0.007072258463563408,0.003734861055428279,0.012138903805318763,0.06322704057228376,0.09335999547775514,0.13035821093031488,-0.007072258463563408,0.003734861055428279,0.012138903805318763
1794,0.06473823546887215,0.09589076957946475,0.13317276712560525,-0.005464379502359021,0.004474732599569514,0.012884115538049898,0.06473823546887215,0.09589076957946475,0.13317276712560525,-0.005464379502359021,0.004474732599569514,0.012884115538049898
1795,0.062170235729864416,0.09204795879457278,0.12767327265545197,-0.008988794127364405,0.0020062103479677046,0.010525881767750225,0.062170235729864416,0.09204795879457278,0.12767327265545197,-0.008988794127364405,0.0020062103479677046,0.010525881767750225
1796,0.043367716343576106,0.06916025886570525,0.10087264787047746,-0.009962408379088683,0.001779470612778597,0.010306938951617606,0.043367716343576106,0.06916025886570525,0.10087264787047746,-0.009962408379088683,0.001779470612778597,0.010306938951617606
1797,0.03740027263912245,0.05857885341733085,0.08705991568794819,-0.008134420696588027,0.0028437476622037647,0.011288563069321397,0.03740027263912245,0.05857885341733085,0.08705991568794819,-0.008134420696588027,0.0028437476622037647,0.011288563069321397
1798,0.03682792553493477,0.05675920545833861,0.08310928278390323,-0.009881596870533624,0.0019503268339954166,0.010445766317073307,0.03682792553493477,0.05675920545833861,0.08310928278390323,-0.009881596870533624,0.0019503268339954166,0.010445766317073307
1799,0.03680484373622745,0.05640790758918192,0.081092426292202,-0.012277617128088461,0.0005492555361614332,0.009039339497509805,0.03680484373622745,0.05640790758918192,0.081092426292202,-0.012277617128088461,0.0005492555361614332,0.009039339497509805
1800,0.03767602887507793,0.057251595905388,0.08352449049276875,-0.013063653602383936,0.0002203077383214902,0.008448854451007654,0.03767602887507793,0.057251595905388,0.08352449049276875,-0.013063653602383936,0.0002203077383214902,0.008448854451007654
1801,0.03981031149402612,0.06025243426972684,0.08687815716310546,-0.014189486443817248,-0.0008749652952007442,0.007657843824491875,0.03981031149402612,0.06025243426972684,0.08687815716310546,-0.014189486443817248,-0.0008749652952007442,0.007657843824491875
1802,0.046029047356850594,0.06689917428147399,0.09484377059433245,-0.014644659857528108,-0.0008790981862301164,0.007419428723920554,0.046029047356850594,0.06689917428147399,0.09484377059433245,-0.014644659857528108,-0.0008790981862301164,0.007419428723920554
1803,0.05264646898929395,0.07497778987764743,0.10407037052596582,-0.01440861690540491,-0.0009762281081454882,0.007273413467411935,0.05264646898929395,0.07497778987764743,0.10407037052596582,-0.01440861690540491,-0.0009762281081454882,0.007273413467411935
1804,0.05936036420016054,0.08332060269089298,0.11469023972341245,-0.013129868507240072,4.16146163139397e-05,0.00785045561135228,0.05936036420016054,0.08332060269089298,0.11469023972341245,-0.013129868507240072,4.16146163139397e-05,0.00785045561135228
1805,0.06374426436466646,0.08931611996139391,0.12159252288901645,-0.012587834687656368,0.0009383725226575768,0.008829114481148287,0.06374426436466646,0.08931611996139391,0.12159252288901645,-0.012587834687656368,0.0009383725226575768,0.008829114481148287
1806,0.06461858292017905,0.09075958847814145,0.12355211901989144,-0.013977800873706175,-0.0001830875104308627,0.008093551132520055,0.06461858292017905,0.09075958847814145,0.12355211901989144,-0.013977800873706175,-0.0001830875104308627,0.008093551132520055
1807,0.06465206761713181,0.09074922217876208,0.12446203335042916,-0.015014482629073914,-0.0003872241506374524,0.007654293858120401,0.06465206761713181,0.09074922217876208,0.12446203335042916,-0.015014482629073914,-0.0003872241506374524,0.007654293858120401
1808,0.06197945310205631,0.08828098828170207,0.12170286052935345,-0.016625142598018477,-0.0013280886286663324,0.007069815151246134,0.06197945310205631,0.08828098828170207,0.12170286052935345,-0.016625142598018477,-0.0013280886286663324,0.007069815151246134
1809,0.056510943078575473,0.0820715901726199,0.11468063572963003,-0.02223973989762179,-0.004502424994557656,0.004423497053379619,0.056510943078575473,0.0820715901726199,0.11468063572963003,-0.02223973989762179,-0.004502424994557656,0.004423497053379619
1810,-0.33069536699416646,-0.19947432335619697,-0.07932353876251341,-0.023981413020953607,-0.0052184110970023845,0.004298602539258345,-0.33069536699416646,-0.19947432335619697,-0.07932353876251341,-0.023981413020953607,-0.0052184110970023845,0.004298602539258345
1811,-0.41834711664354035,-0.2826047369389748,-0.181620473826345,-0.02535497111563778,-0.00600327560322228,0.0039015449473503994,-0.41834711664354035,-0.2826047369389748,-0.181620473826345,-0.02535497111563778,-0.00600327560322228,0.0039015449473503994
1812,-0.3201565267204413,-0.21034193831886297,-0.11688084594597704,-0.02412455082053863,-0.005167313603786083,0.004371027888587314,-0.3201565267204413,-0.21034193831886297,-0.11688084594597704,-0.02412455082053863,-0.005167313603786083,0.004371027888587314
1813,-0.216673216637814,-0.12206142414474291,-0.05156559195301026,-0.02232915208832484,-0.0036592149974009613,0.005030198966279126,-0.216673216637814,-0.12206142414474291,-0.05156559195301026,-0.02232915208832484,-0.0036592149974009613,0.005030198966279126
1814,-0.130348494419283,-0.06126556732341575,-0.014361494030296802,-0.02197033485655432,-0.003600498080250987,0.005288973403417274,-0.130348494419283,-0.06126556732341575,-0.014361494030296802,-0.02197033485655432,-0.003600498080250987,0.005288973403417274
1815,-0.08040975767382548,-0.024557932759662584,0.011594045575776623,-0.02642663465232241,-0.006206763427155721,0.00352485198017825,-0.08040975767382548,-0.024557932759662584,0.011594045575776623,-0.02642663465232241,-0.006206763427155721,0.00352485198017825
1816,-0.781426978149432,-0.5228400415463078,-0.30180211952312563,-0.028178144002777628,-0.007138512360472138,0.003310497414580449,-0.781426978149432,-0.5228400415463078,-0.30180211952312563,-0.028178144002777628,-0.007138512360472138,0.003310497414580449
1817,-0.9786565960685264,-0.6831941735632527,-0.47026953669696725,-0.02795347725127384,-0.007153280477568247,0.0031637032636258056,-0.9786565960685264,-0.6831941735632527,-0.47026953669696725,-0.02795347725127384,-0.007153280477568247,0.0031637032636258056
1818,-0.7653650567145822,-0.5264599476808186,-0.3272532273266743,-0.030292036212530626,-0.007991215037816524,0.002872679039096715,-0.7653650567145822,-0.5264599476808186,-0.3272532273266743,-0.030292036212530626,-0.007991215037816524,0.002872679039096715
1819,-0.5569071831174224,-0.34576825219092905,-0.19020309962286763,-0.03410666136511609,-0.010225064964417385,0.0021261980290293025,-0.5569071831174224,-0.34576825219092905,-0.19020309962286763,-0.03410666136511609,-0.010225064964417385,0.0021261980290293025
1820,-0.4014881197516657,-0.22433001729411417,-0.11046225404958569,-0.03536584551257693,-0.010682174925452814,0.001992594482137483,-0.4014881197516657,-0.22433001729411417,-0.11046225404958569,-0.03536584551257693,-0.010682174925452814,0.001992594482137483
1821,-0.2983832775785889,-0.15231134158340165,-0.0637614700108025,-0.03806082048712692,-0.012067217815534992,0.0016604495149913912,-0.2983832775785889,-0.15231134158340165,-0.0637614700108025,-0.03806082048712692,-0.012067217815534992,0.0016604495149913912
1822,-0.22902572446179875,-0.1082329539336794,-0.03499071899937689,-0.03987127729272977,-0.01269867844609042,0.0014346414703784172,-0.22902572446179875,-0.1082329539336794,-0.03499071899937689,-0.03987127729272977,-0.01269867844609042,0.0014346414703784172
1823,-0.2092213705070317,-0.1006981509962043,-0.0356163856801843,-0.04018604751805588,-0.01266797059976324,0.0012913157518849583,-0.2092213705070317,-0.1006981509962043,-0.0356163856801843,-0.04018604751805588,-0.01266797059976324,0.0012913157518849583
1824,-0.18248430209500496,-0.08491011649881622,-0.02589222270527998,-0.038977398967716154,-0.011856221368208686,0.001552102463961865,-0.18248430209500496,-0.08491011649881622,-0.02589222270527998,-0.038977398967716154,-0.011856221368208686,0.001552102463961865
1825,-0.15052838037788013,-0.0597378015180211,-0.006260909978989689,-0.038575954311887345,-0.011479720229300439,0.0015919379003512934,-0.15052838037788013,-0.0597378015180211,-0.006260909978989689,-0.038575954311887345,-0.011479720229300439,0.0015919379003512934
1826,-0.12311105776512414,-0.03662795337148138,0.014065665268369557,-0.0409637970749632,-0.012684357611464001,0.000992167688964745,-0.12311105776512414,-0.03662795337148138,0.014065665268369557,-0.0409637970749632,-0.012684357611464001,0.000992167688964745
1827,-0.09169609318638547,-0.014798013369371633,0.03351085040199024,-0.041415995235352415,-0.012815067797006263,0.0008799680843387184,-0.09169609318638547,-0.014798013369371633,0.03351085040199024,-0.041415995235352415,-0.012815067797006263,0.0008799680843387184
1828,-0.0647284705706337,0.003976810817573735,0.051143403528315624,-0.04346939029277297,-0.013712204384229074,0.0005563538248601271,-0.0647284705706337,0.003976810817573735,0.051143403528315624,-0.04346939029277297,-0.013712204384229074,0.0005563538248601271
1829,-0.04939076272303071,0.016953396829946843,0.06280541164943468,-0.050024117823674885,-0.01714851938487242,-0.0003941854080244181,-0.04939076272303071,0.016953396829946843,0.06280541164943468,-0.050024117823674885,-0.01714851938487242,-0.0003941854080244181
1830,-0.03664989277351356,0.027312224017966052,0.07225865166110548,-0.05189052588237583,-0.017924887709692194,-0.0007888767708157246,-0.03664989277351356,0.027312224017966052,0.07225865166110548,-0.05189052588237583,-0.017924887709692194,-0.0007888767708157246
1831,-0.029738696530696673,0.031704638521920764,0.07755876915386993,-0.05545195761991366,-0.0193092127279658,-0.0013607926246214097,-0.029738696530696673,0.031704638521920764,0.07755876915386993,-0.05545195761991366,-0.0193092127279658,-0.0013607926246214097
1832,-0.4021026936021614,-0.24597650722249922,-0.11633216696489823,-0.053372826413356333,-0.018549180534441684,-0.0012498537171969915,-0.4021026936021614,-0.24597650722249922,-0.11633216696489823,-0.053372826413356333,-0.018549180534441684,-0.0012498537171969915
1833,-0.49300309179147606,-0.33208342408434455,-0.21886674014878085,-0.052513374048741845,-0.0176949114868985,-0.0008977574319613546,-0.49300309179147606,-0.33208342408434455,-0.21886674014878085,-0.052513374048741845,-0.0176949114868985,-0.0008977574319613546
1834,-0.38093394429042404,-0.25549434625481404,-0.1549819666374445,-0.05327453389407916,-0.01773296553379039,-0.0009207385011907876,-0.38093394429042404,-0.25549434625481404,-0.1549819666374445,-0.05327453389407916,-0.01773296553379039,-0.0009207385011907876
1835,-0.2817408581031686,-0.167640310684556,-0.08638632977185981,-0.05929892219516433,-0.020408105815750185,-0.001996317957344146,-0.2817408581031686,-0.167640310684556,-0.08638632977185981,-0.05929892219516433,-0.020408105815750185,-0.001996317957344146
1836,-0.3002206688698005,-0.19422011622323254,-0.11972279505117223,-0.06081229357204246,-0.020942629201713997,-0.002413162229709137,-0.3002206688698005,-0.19422011622323254,-0.11972279505117223,-0.06081229357204246,-0.020942629201713997,-0.002413162229709137
1837,-0.27617720918900646,-0.171230852813565,-0.09872083987279218,-0.06252771997209214,-0.021799819187704544,-0.0028524005244579542,-0.27617720918900646,-0.171230852813565,-0.09872083987279218,-0.06252771997209214,-0.021799819187704544,-0.0028524005244579542
1838,-0.20774030665884724,-0.10559981730320192,-0.04192818587798097,-0.06529507237128401,-0.02301564818085805,-0.0034503700208261268,-0.20774030665884724,-0.10559981730320192,-0.04192818587798097,-0.06529507237128401,-0.02301564818085805,-0.0034503700208261268
1839,-0.14384499926557132,-0.05155687064494892,0.004855162661013539,-0.0698620258074088,-0.025240262587619213,-0.004511595594051947,-0.14384499926557132,-0.05155687064494892,0.004855162661013539,-0.0698620258074088,-0.025240262587619213,-0.004511595594051947
1840,-0.10061150515545228,-0.01589132237326933,0.03370954625032491,-0.07152962734683438,-0.02619871331291411,-0.004929803344527476,-0.10061150515545228,-0.01589132237326933,0.03370954625032491,-0.07152962734683438,-0.02619871331291411,-0.004929803344527476
1841,-0.07362104048372106,0.004331547214705869,0.05182163497210118,-0.07310217744592358,-0.027054100512931667,-0.005480954936329194,-0.07362104048372106,0.004331547214705869,0.05182163497210118,-0.07310217744592358,-0.027054100512931667,-0.005480954936329194
1842,-0.058778066420439604,0.01437702251205391,0.06192176177549187,-0.07691956340509282,-0.02874115531975432,-0.006022425380959082,-0.058778066420439604,0.01437702251205391,0.06192176177549187,-0.07691956340509282,-0.02874115531975432,-0.006022425380959082
1843,-0.05248568295563352,0.020097675427412986,0.06606877550671579,-0.07799332444489696,-0.029022323875554173,-0.0062309347133195775,-0.05248568295563352,0.020097675427412986,0.06606877550671579,-0.07799332444489696,-0.029022323875554173,-0.0062309347133195775
1844,-0.04601618654794788,0.023974308136726536,0.06689311209865803,-0.07592283098217809,-0.02794583805956325,-0.005889194365528823,-0.04601618654794788,0.023974308136726536,0.06689311209865803,-0.07592283098217809,-0.02794583805956325,-0.005889194365528823
1845,-0.06797327005522795,0.0008509742055030651,0.04385848264372014,-0.07628520552411826,-0.027658650799791525,-0.005745361884090325,-0.06797327005522795,0.0008509742055030651,0.04385848264372014,-0.07628520552411826,-0.027658650799791525,-0.005745361884090325
1846,-0.07150648874331823,-0.0041140586881655596,0.035057374681677224,-0.07955280594676437,-0.02938855696718194,-0.006295871832138537,-0.07150648874331823,-0.0041140586881655596,0.035057374681677224,-0.07955280594676437,-0.02938855696718194,-0.006295871832138537
1847,-0.05642699671765886,0.008035069014363214,0.04487155167271647,-0.08066177538354245,-0.02997555723479669,-0.0065284943705144136,-0.05642699671765886,0.008035069014363214,0.04487155167271647,-0.08066177538354245,-0.02997555723479669,-0.0065284943705144136
1848,-0.04253115830739049,0.019503113796769382,0.05654851698827464,-0.08581869193013478,-0.03208299034551544,-0.007126652161443939,-0.04253115830739049,0.019503113796769382,0.05654851698827464,-0.08581869193013478,-0.03208299034551544,-0.007126652161443939
1849,-0.03384030755015661,0.02762441976357576,0.06573198864061981,-0.09284965656448453,-0.035881111350521855,-0.00833992792890361,-0.03384030755015661,0.02762441976357576,0.06573198864061981,-0.09284965656448453,-0.035881111350521855,-0.00833992792890361
1850,-0.024650235381447155,0.03686699915375546,0.0748664702025626,-0.0959193758947163,-0.037242243230115116,-0.008612631565937015,-0.024650235381447155,0.03686699915375546,0.0748664702025626,-0.0959193758947163,-0.037242243230115116,-0.008612631565937015
1851,-0.016458167980259737,0.04418515593452513,0.08218055927849521,-0.09920794430135113,-0.03914695181647216,-0.009148268207927523,-0.016458167980259737,0.04418515593452513,0.08218055927849521,-0.09920794430135113,-0.03914695181647216,-0.009148268207927523
1852,-0.007869275857095974,0.05094739440014942,0.08808027668714699,-0.09846491350410737,-0.03881401258147108,-0.008963111636322282,-0.007869275857095974,0.05094739440014942,0.08808027668714699,-0.09846491350410737,-0.03881401258147108,-0.008963111636322282
1853,-0.0002505849896245853,0.055995458991134756,0.09314257724324883,-0.09699723736527571,-0.03785409699321871,-0.008637729073669151,-0.0002505849896245853,0.055995458991134756,0.09314257724324883,-0.09699723736527571,-0.03785409699321871,-0.008637729073669151
1854,0.0034684335667391347,0.058769953583401945,0.0962300412996061,-0.09800722866587878,-0.038308428756183274,-0.008802255941878626,0.0034684335667391347,0.058769953583401945,0.0962300412996061,-0.09800722866587878,-0.038308428756183274,-0.008802255941878626
1855,0.0012612644180179642,0.05751323351540824,0.09637523770087127,-0.10582197179690375,-0.0421324779091414,-0.010165720161418423,0.0012612644180179642,0.05751323351540824,0.09637523770087127,-0.10582197179690375,-0.0421324779091414,-0.010165720161418423
1856,-0.0354554498845362,0.02536220286777506,0.06436564771068361,-0.10781620306896507,-0.043129083662851425,-0.010263910373519591,-0.0354554498845362,0.02536220286777506,0.06436564771068361,-0.10781620306896507,-0.043129083662851425,-0.010263910373519591
1857,-0.040516555486069944,0.01727338941608529,0.0523610517234325,-0.1088407130845569,-0.04390546269083391,-0.010504691943653527,-0.040516555486069944,0.01727338941608529,0.0523610517234325,-0.1088407130845569,-0.04390546269083391,-0.010504691943653527
1858,-0.028537769412486605,0.027811081903126145,0.06332029479072158,-0.11354924619783,-0.04623356911909946,-0.011297993088576472,-0.028537769412486605,0.027811081903126145,0.06332029479072158,-0.11354924619783,-0.04623356911909946,-0.011297993088576472
1859,-0.015024240779471232,0.040710382808430604,0.07706469670270066,-0.1184587773289908,-0.0486139475299463,-0.012116368262415508,-0.015024240779471232,0.040710382808430604,0.07706469670270066,-0.1184587773289908,-0.0486139475299463,-0.012116368262415508
1860,-0.004493869117075014,0.052001853666423264,0.08860830294984016,-0.12175798225180201,-0.05017569204753289,-0.012638094313654008,-0.004493869117075014,0.052001853666423264,0.08860830294984016,-0.12175798225180201,-0.05017569204753289,-0.012638094313654008
1861,0.003181121252687432,0.060404408294795486,0.09773330635703367,-0.12527122136781263,-0.05215897377443003,-0.013522372471353392,0.003181121252687432,0.060404408294795486,0.09773330635703367,-0.12527122136781263,-0.05215897377443003,-0.013522372471353392
1862,-0.001315215911801974,0.05586425556302362,0.09273068076807636,-0.12782297538599507,-0.05361291151197638,-0.014048729750755079,-0.001315215911801974,0.05586425556302362,0.09273068076807636,-0.12782297538599507,-0.05361291151197638,-0.014048729750755079
1863,-0.008118019666281983,0.05076270007089143,0.08696858468445814,-0.12961645938470392,-0.05426887028507073,-0.014522947702886937,-0.008118019666281983,0.05076270007089143,0.08696858468445814,-0.12961645938470392,-0.05426887028507073,-0.014522947702886937
1864,-0.07756038842994363,-0.012730375447132073,0.03355732233545837,-0.12845397965989586,-0.05378588228028953,-0.014914594690756303,-0.07756038842994363,-0.012730375447132073,0.03355732233545837,-0.12845397965989586,-0.05378588228028953,-0.014914594690756303
1865,-0.08958905668906475,-0.02503152359586924,0.014655783465242801,-0.13018618443626506,-0.05414473934345775,-0.015260739346829652,-0.08958905668906475,-0.02503152359586924,0.014655783465242801,-0.13018618443626506,-0.05414473934345775,-0.015260739346829652
1866,-0.06717414193748196,-0.0016353677915848155,0.037306842027824305,-0.13637994383523136,-0.05778862324784556,-0.016281511036628768,-0.06717414193748196,-0.0016353677915848155,0.037306842027824305,-0.13637994383523136,-0.05778862324784556,-0.016281511036628768
1867,-0.03904198018200873,0.021435238031133626,0.05991116203293699,-0.13977604960769024,-0.059030782758746195,-0.01688709316103231,-0.03904198018200873,0.021435238031133626,0.05991116203293699,-0.13977604960769024,-0.059030782758746195,-0.01688709316103231
1868,-0.02644673760771007,0.03584110728950441,0.07539797347297186,-0.1461357967061104,-0.06208758269785625,-0.017777560773743137,-0.02644673760771007,0.03584110728950441,0.07539797347297186,-0.1461357967061104,-0.06208758269785625,-0.017777560773743137
1869,-0.020105107656724446,0.04512820515232317,0.0856602074436105,-0.1543114873907847,-0.06625743050740117,-0.01938980704814302,-0.020105107656724446,0.04512820515232317,0.0856602074436105,-0.1543114873907847,-0.06625743050740117,-0.01938980704814302
1870,-0.010972057573730267,0.05445929563366985,0.09621704239634868,-0.15868125006069597,-0.06828320197541206,-0.019858727741883048,-0.010972057573730267,0.05445929563366985,0.09621704239634868,-0.15868125006069597,-0.06828320197541206,-0.019858727741883048
1871,-0.006028646438282341,0.059993304318989304,0.1036675812009483,-0.16437436910014017,-0.07115980665351081,-0.020676817126495675,-0.006028646438282341,0.059993304318989304,0.1036675812009483,-0.16437436910014017,-0.07115980665351081,-0.020676817126495675
1872,0.0020385550749806806,0.06728518692875914,0.11118435525654136,-0.16656587829594888,-0.07179201187973805,-0.020811694500560585,0.0020385550749806806,0.06728518692875914,0.11118435525654136,-0.16656587829594888,-0.07179201187973805,-0.020811694500560585
1873,0.007514735159047104,0.07260047908904113,0.11500114842869474,-0.16636735686133017,-0.07169377267377092,-0.02108125469121097,0.007514735159047104,0.07260047908904113,0.11500114842869474,-0.16636735686133017,-0.07169377267377092,-0.02108125469121097
1874,-0.0022689487096526585,0.06439473899366309,0.10753316554982577,-0.17178505577332967,-0.07511523073361268,-0.022595920170623146,-0.0022689487096526585,0.06439473899366309,0.10753316554982577,-0.17178505577332967,-0.07511523073361268,-0.022595920170623146
1875,0.0004704654603558513,0.06663290761761254,0.11224645909519573,-0.1779870443633595,-0.07823634538977926,-0.02349713759105572,0.0004704654603558513,0.06663290761761254,0.11224645909519573,-0.1779870443633595,-0.07823634538977926,-0.02349713759105572
1876,0.004129922317426657,0.06960701623533093,0.11559630080877814,-0.18122161823196986,-0.07899024992549158,-0.02376259256557639,0.004129922317426657,0.06960701623533093,0.11559630080877814,-0.18122161823196986,-0.07899024992549158,-0.02376259256557639
1877,0.0018341581716474504,0.06811437550740895,0.11464510145443343,-0.18536534385272754,-0.08097637603368496,-0.024434984507978375,0.0018341581716474504,0.06811437550740895,0.11464510145443343,-0.18536534385272754,-0.08097637603368496,-0.024434984507978375
1878,0.0009969740565555522,0.06725532340680901,0.11549117402695712,-0.19064476981081577,-0.08320731402937273,-0.025340500655703077,0.0009969740565555522,0.06725532340680901,0.11549117402695712,-0.19064476981081577,-0.08320731402937273,-0.025340500655703077
1879,0.00046249734643478025,0.0680009577814242,0.11688772258278,-0.19523665526726672,-0.08554228122211018,-0.02611849333346586,0.00046249734643478025,0.0680009577814242,0.11688772258278,-0.19523665526726672,-0.08554228122211018,-0.02611849333346586
1880,-0.0004205214553217075,0.06806667348050946,0.11843803813202577,-0.20135004415989982,-0.08899179104345714,-0.027448658323850433,-0.0004205214553217075,0.06806667348050946,0.11843803813202577,-0.20135004415989982,-0.08899179104345714,-0.027448658323850433
1881,-0.002490477317611974,0.06660308048455235,0.11708639633922446,-0.20681782615633335,-0.0921763874502966,-0.02873832185671113,-0.002490477317611974,0.06660308048455235,0.11708639633922446,-0.20681782615633335,-0.0921763874502966,-0.02873832185671113
1882,-0.0004865219519909201,0.06877221025877905,0.12055766064574017,-0.2128712070310512,-0.09550253710538298,-0.029858311011482952,-0.0004865219519909201,0.06877221025877905,0.12055766064574017,-0.2128712070310512,-0.09550253710538298,-0.029858311011482952
1883,0.004566797286850798,0.07459858469805034,0.12666502891154555,-0.2166075713157309,-0.09762156557175394,-0.030566012149035662,0.004566797286850798,0.07459858469805034,0.12666502891154555,-0.2166075713157309,-0.09762156557175394,-0.030566012149035662
1884,-0.03463399226167975,0.037952539227552665,0.0878535230524465,-0.217427962495886,-0.09849324226536704,-0.030967084416115946,-0.03463399226167975,0.037952539227552665,0.0878535230524465,-0.217427962495886,-0.09849324226536704,-0.030967084416115946
1885,-0.2094435900966094,-0.10579459784576883,-0.02162611144192224,-0.22255202314101868,-0.1004923685773502,-0.03185550630213027,-0.2094435900966094,-0.10579459784576883,-0.02162611144192224,-0.22255202314101868,-0.1004923685773502,-0.03185550630213027
1886,-0.21165223632107028,-0.10676877625066157,-0.03245134610892797,-0.2276640951805644,-0.10349083145268127,-0.03267353373310508,-0.21165223632107028,-0.10676877625066157,-0.03245134610892797,-0.2276640951805644,-0.10349083145268127,-0.03267353373310508
1887,-0.1560030289934356,-0.06072837119352877,0.011359470163385968,-0.23177045854322378,-0.10548127319110875,-0.03312990292740828,-0.1560030289934356,-0.06072837119352877,0.011359470163385968,-0.23177045854322378,-0.10548127319110875,-0.03312990292740828
1888,-0.11540099241449146,-0.02669874422109421,0.03932694927124697,-0.23744629193441832,-0.10830547812062585,-0.03408748305136203,-0.11540099241449146,-0.02669874422109421,0.03932694927124697,-0.23744629193441832,-0.10830547812062585,-0.03408748305136203
1889,-0.08923418533399076,0.004265868695354908,0.06564779299530932,-0.24723929958815147,-0.11374784082388988,-0.03632639160807191,-0.08923418533399076,0.004265868695354908,0.06564779299530932,-0.24723929958815147,-0.11374784082388988,-0.03632639160807191
1890,-0.06804668248252,0.02653145302395582,0.08595450780460925,-0.2526419643525335,-0.11664096595975776,-0.03697619796213379,-0.06804668248252,0.02653145302395582,0.08595450780460925,-0.2526419643525335,-0.11664096595975776,-0.03697619796213379
1891,-0.07246402457632493,0.02444632516209652,0.08425720300831659,-0.26028551611068623,-0.12100292854955047,-0.038730830700900915,-0.07246402457632493,0.02444632516209652,0.08425720300831659,-0.26028551611068623,-0.12100292854955047,-0.038730830700900915
1892,-0.0812797843819287,0.01662010779583562,0.07699723711591505,-0.26370968692320795,-0.12307097128224304,-0.03951595947793538,-0.0812797843819287,0.01662010779583562,0.07699723711591505,-0.26370968692320795,-0.12307097128224304,-0.03951595947793538
1893,-0.07394177433895666,0.021228157256272237,0.08050720590110903,-0.2660821237169164,-0.12457239133102381,-0.03985679249128587,-0.07394177433895666,0.021228157256272237,0.08050720590110903,-0.2660821237169164,-0.12457239133102381,-0.03985679249128587
1894,-0.052846131227833826,0.04107709487289046,0.10072446089135308,-0.2705025787838669,-0.12624557761862515,-0.04060489627118883,-0.052846131227833826,0.04107709487289046,0.10072446089135308,-0.2705025787838669,-0.12624557761862515,-0.04060489627118883
1895,-0.03513118042171712,0.059692397928142925,0.12046398546284845,-0.279341252898171,-0.13080247465682976,-0.0424240602528731,-0.03513118042171712,0.059692397928142925,0.12046398546284845,-0.279341252898171,-0.13080247465682976,-0.0424240602528731
1896,-0.026585903793413346,0.070695005678238,0.13090772508584936,-0.2865894792050499,-0.13397101533154865,-0.0433182926676762,-0.026585903793413346,0.070695005678238,0.13090772508584936,-0.2865894792050499,-0.13397101533154865,-0.0433182926676762
1897,-0.020060928624786978,0.07537804224090516,0.1361346322271876,-0.289318426371632,-0.1363871528966047,-0.04365162263431219,-0.020060928624786978,0.07537804224090516,0.1361346322271876,-0.289318426371632,-0.1363871528966047,-0.04365162263431219
1898,-0.021007871097512208,0.07623700160738114,0.13914912166751833,-0.29768491485491005,-0.14026154459328985,-0.045313936675586,-0.021007871097512208,0.07623700160738114,0.13914912166751833,-0.29768491485491005,-0.14026154459328985,-0.045313936675586
1899,-0.021413062347180663,0.07653640665727017,0.1409975614053943,-0.30520257738469897,-0.14424365375809828,-0.04665421123807467,-0.021413062347180663,0.07653640665727017,0.1409975614053943,-0.30520257738469897,-0.14424365375809828,-0.04665421123807467
1900,-0.024441080139526557,0.07475230171725426,0.14108109812602196,-0.3161565380232398,-0.15081968422164937,-0.04884024795182566,-0.024441080139526557,0.07475230171725426,0.14108109812602196,-0.3161565380232398,-0.15081968422164937,-0.04884024795182566
1901,-0.027242085429687535,0.07302282792059858,0.14188126300485926,-0.3252359046270036,-0.15591886218120254,-0.05063305143863159,-0.027242085429687535,0.07302282792059858,0.14188126300485926,-0.3252359046270036,-0.15591886218120254,-0.05063305143863159
1902,-0.028960241706186392,0.0719997088537203,0.14251706208923226,-0.33325938918204406,-0.15973723434975778,-0.05174768632604401,-0.028960241706186392,0.0719997088537203,0.14251706208923226,-0.33325938918204406,-0.15973723434975778,-0.05174768632604401
1903,-0.05072260109109887,0.05404231879782069,0.12653775994800023,-0.34008493513395155,-0.16251544675449717,-0.052661930576091504,-0.05072260109109887,0.05404231879782069,0.12653775994800023,-0.34008493513395155,-0.16251544675449717,-0.052661930576091504
1904,-0.12140278004084296,-0.01057495474415291,0.06877194698150889,-0.3484226711361648,-0.16665684206391862,-0.053699835195387194,-0.12140278004084296,-0.01057495474415291,0.06877194698150889,-0.3484226711361648,-0.16665684206391862,-0.053699835195387194
1905,-0.11963005938582391,-0.008799535205197336,0.06993517828280664,-0.358857923467566,-0.17237002198345577,-0.05562155518264847,-0.11963005938582391,-0.008799535205197336,0.06993517828280664,-0.358857923467566,-0.17237002198345577,-0.05562155518264847
1906,-0.09260714565496052,0.018353246450293285,0.10034249695450327,-0.37035297476595763,-0.17920447658068175,-0.05791007654507574,-0.09260714565496052,0.018353246450293285,0.10034249695450327,-0.37035297476595763,-0.17920447658068175,-0.05791007654507574
1907,-0.07003502032284023,0.043725397953434095,0.12775812656840832,-0.38064272675463584,-0.18540463927244344,-0.05980542522068799,-0.07003502032284023,0.043725397953434095,0.12775812656840832,-0.38064272675463584,-0.18540463927244344,-0.05980542522068799
1908,-0.07526317673605948,0.039469363562167264,0.1248803699711484,-0.39788451757002574,-0.1950868163666014,-0.06331383840181534,-0.07526317673605948,0.039469363562167264,0.1248803699711484,-0.39788451757002574,-0.1950868163666014,-0.06331383840181534
1909,-0.06792997112727987,0.04879758915576226,0.13610010677360795,-0.40896483183866417,-0.2009256400788133,-0.0648556760233455,-0.06792997112727987,0.04879758915576226,0.13610010677360795,-0.40896483183866417,-0.2009256400788133,-0.0648556760233455
1910,-0.060365819200569916,0.057867059101426976,0.14682438036208573,-0.41749388643855534,-0.20620385843367398,-0.06646751251470878,-0.060365819200569916,0.057867059101426976,0.14682438036208573,-0.41749388643855534,-0.20620385843367398,-0.06646751251470878
1911,-0.06302779679494586,0.06001245256237724,0.151648827833741,-0.4300745986377734,-0.2131219321480018,-0.06935906139199444,-0.06302779679494586,0.06001245256237724,0.151648827833741,-0.4300745986377734,-0.2131219321480018,-0.06935906139199444
1912,-0.0635185372774896,0.06151356403096969,0.15452475478427502,-0.4363755547547748,-0.21738430041808773,-0.07086364566400186,-0.0635185372774896,0.06151356403096969,0.15452475478427502,-0.4363755547547748,-0.21738430041808773,-0.07086364566400186
1913,-0.11864260607890814,0.014604315344929314,0.11401698330527674,-0.4431593943772009,-0.22212414255395788,-0.07294345116238589,-0.11864260607890814,0.014604315344929314,0.11401698330527674,-0.4431593943772009,-0.22212414255395788,-0.07294345116238589
1914,-0.14230076649678364,-0.005114925116195556,0.09511719591293488,-0.45451261129540393,-0.2281532438841051,-0.07592554286532727,-0.14230076649678364,-0.005114925116195556,0.09511719591293488,-0.45451261129540393,-0.2281532438841051,-0.07592554286532727
1915,-0.12396390228919216,0.012998437994987802,0.11465762131961474,-0.4602532772309502,-0.2293668018295041,-0.07496939503692807,-0.12396390228919216,0.012998437994987802,0.11465762131961474,-0.4602532772309502,-0.2293668018295041,-0.07496939503692807
1916,-0.09141649034917632,0.043844077720391804,0.14561824423651343,-0.4618577520052649,-0.23032962076198804,-0.07464434640902864,-0.09141649034917632,0.043844077720391804,0.14561824423651343,-0.4618577520052649,-0.23032962076198804,-0.07464434640902864
1917,-0.06916926494253502,0.06461375370442879,0.16615316568424304,-0.4718279411042898,-0.2345402482027108,-0.07722525280908071,-0.06916926494253502,0.06461375370442879,0.16615316568424304,-0.4718279411042898,-0.2345402482027108,-0.07722525280908071
1918,-0.05549424464634156,0.07889099279777352,0.17920730529354378,-0.4844621938387904,-0.24023596654352553,-0.07954696057047231,-0.05549424464634156,0.07889099279777352,0.17920730529354378,-0.4844621938387904,-0.24023596654352553,-0.07954696057047231
1919,-0.04603102006317088,0.09038995800825755,0.18844686369919011,-0.49288138121500313,-0.24451247056339742,-0.08080138396086545,-0.04603102006317088,0.09038995800825755,0.18844686369919011,-0.49288138121500313,-0.24451247056339742,-0.08080138396086545
1920,-0.03259354482192588,0.10058727426326661,0.1948500778707858,-0.4874807104502139,-0.24029126119048191,-0.07723985603034969,-0.03259354482192588,0.10058727426326661,0.1948500778707858,-0.4874807104502139,-0.24029126119048191,-0.07723985603034969
1921,-0.03434500338850684,0.09960712900384744,0.1964086231062133,-0.49321511595264533,-0.24398042901711617,-0.07864607070418794,-0.03434500338850684,0.09960712900384744,0.1964086231062133,-0.49321511595264533,-0.24398042901711617,-0.07864607070418794
1922,-0.02525079221211675,0.10668884609429888,0.20044779996379664,-0.48967252615435064,-0.23917253495543758,-0.07470407937433701,-0.02525079221211675,0.10668884609429888,0.20044779996379664,-0.48967252615435064,-0.23917253495543758,-0.07470407937433701
1923,-0.03352889482165998,0.09932434860768699,0.1929852906807502,-0.4902336459177965,-0.2373237259282846,-0.07456434107211304,-0.03352889482165998,0.09932434860768699,0.1929852906807502,-0.4902336459177965,-0.2373237259282846,-0.07456434107211304
1924,-0.04093535753575875,0.09352516095364515,0.19302518472772778,-0.5037301132388494,-0.24255981467654036,-0.0786337510004924,-0.04093535753575875,0.09352516095364515,0.19302518472772778,-0.5037301132388494,-0.24255981467654036,-0.0786337510004924
1925,-0.03387888196515536,0.10099452609197833,0.20221489951937183,-0.5096017767399206,-0.2453237846485145,-0.0786172665625965,-0.03387888196515536,0.10099452609197833,0.20221489951937183,-0.5096017767399206,-0.2453237846485145,-0.0786172665625965
1926,-0.026354758267207026,0.11070644865361982,0.2108615483198636,-0.5151425595196596,-0.24808100109888112,-0.07941427391439815,-0.026354758267207026,0.11070644865361982,0.2108615483198636,-0.5151425595196596,-0.24808100109888112,-0.07941427391439815
1927,-0.015581409788249137,0.12149952634960356,0.22026960291687941,-0.5185810708005865,-0.25054105606188515,-0.08018102508312167,-0.015581409788249137,0.12149952634960356,0.22026960291687941,-0.5185810708005865,-0.25054105606188515,-0.08018102508312167
1928,-0.006844547896636688,0.12918272150120244,0.22838956909758176,-0.5265190533213204,-0.2552585086230099,-0.08228532053600368,-0.006844547896636688,0.12918272150120244,0.22838956909758176,-0.5265190533213204,-0.2552585086230099,-0.08228532053600368
1929,-0.0046339501865892115,0.12999264367399604,0.23037739324566173,-0.5331057006845867,-0.2587935322619259,-0.08354450531130447,-0.0046339501865892115,0.12999264367399604,0.23037739324566173,-0.5331057006845867,-0.2587935322619259,-0.08354450531130447
1930,-0.023902321655466588,0.11408998533981621,0.21627616223391458,-0.5438477877171303,-0.2651698235616722,-0.08634763175548643,-0.023902321655466588,0.11408998533981621,0.21627616223391458,-0.5438477877171303,-0.2651698235616722,-0.08634763175548643
1931,-0.010179314045549108,0.12646889209059226,0.22833063377019602,-0.5468721367775914,-0.2676561989554212,-0.0868119733430886,-0.010179314045549108,0.12646889209059226,0.22833063377019602,-0.5468721367775914,-0.2676561989554212,-0.0868119733430886
1932,0.00913585065950901,0.14024706217126628,0.23869776012225044,-0.5393846946543154,-0.2616936825996484,-0.0838197909145802,0.00913585065950901,0.14024706217126628,0.23869776012225044,-0.5393846946543154,-0.2616936825996484,-0.0838197909145802
1933,0.00418128671915359,0.13601090288843515,0.23138126594928188,-0.5292911823885975,-0.2554050789777005,-0.07965717023894911,0.00418128671915359,0.13601090288843515,0.23138126594928188,-0.5292911823885975,-0.2554050789777005,-0.07965717023894911
1934,0.014349510492088385,0.14337759870675099,0.23757522679350146,-0.5296620288413219,-0.2530988754764621,-0.07985444565697547,0.014349510492088385,0.14337759870675099,0.23757522679350146,-0.5296620288413219,-0.2530988754764621,-0.07985444565697547
1935,0.019030509136608358,0.14870497802570182,0.24466204648266807,-0.5407185744220652,-0.25700709404079636,-0.08316433192510655,0.019030509136608358,0.14870497802570182,0.24466204648266807,-0.5407185744220652,-0.25700709404079636,-0.08316433192510655
1936,0.025505613392435438,0.1547906299325581,0.2534350921825278,-0.5493230605281552,-0.2622520402990297,-0.08503278428529282,0.025505613392435438,0.1547906299325581,0.2534350921825278,-0.5493230605281552,-0.2622520402990297,-0.08503278428529282
1937,0.03316002963357443,0.16452986352272442,0.26536157251658465,-0.5626981993926667,-0.2705519896447945,-0.0882232280238679,0.03316002963357443,0.16452986352272442,0.26536157251658465,-0.5626981993926667,-0.2705519896447945,-0.0882232280238679
1938,0.03707736258727126,0.1697997893872322,0.27320854525403626,-0.5738762560253658,-0.2787774629643932,-0.09178847880731492,0.03707736258727126,0.1697997893872322,0.27320854525403626,-0.5738762560253658,-0.2787774629643932,-0.09178847880731492
1939,0.048821327792831645,0.17791735497439892,0.2800685383106569,-0.5752297027735074,-0.28070385991482705,-0.0912527827597332,0.048821327792831645,0.17791735497439892,0.2800685383106569,-0.5752297027735074,-0.28070385991482705,-0.0912527827597332
1940,0.04913583662522024,0.18043962239313166,0.2839082653940651,-0.5844165919773684,-0.2861619529693672,-0.09413172287210042,0.04913583662522024,0.18043962239313166,0.2839082653940651,-0.5844165919773684,-0.2861619529693672,-0.09413172287210042
1941,0.04302200297284003,0.17784987903949545,0.2835699350668031,-0.5937679629230398,-0.29340646858702124,-0.09786041362461201,0.04302200297284003,0.17784987903949545,0.2835699350668031,-0.5937679629230398,-0.29340646858702124,-0.09786041362461201
1942,0.037855891524770986,0.1744311290060546,0.282611262840332,-0.6031612387913402,-0.30053592104556826,-0.10040119651555252,0.037855891524770986,0.1744311290060546,0.282611262840332,-0.6031612387913402,-0.30053592104556826,-0.10040119651555252
1943,0.030690371983127893,0.17030541047473502,0.2808058880246917,-0.6148679917917391,-0.3080777440990979,-0.10285180123597015,0.030690371983127893,0.17030541047473502,0.2808058880246917,-0.6148679917917391,-0.3080777440990979,-0.10285180123597015
1944,0.0242290387703945,0.16649175190078785,0.28019748744311057,-0.6239357625171081,-0.3136360077658893,-0.10464158789634131,0.0242290387703945,0.16649175190078785,0.28019748744311057,-0.6239357625171081,-0.3136360077658893,-0.10464158789634131
1945,0.026503886604717947,0.16867099564409294,0.28243498731893313,-0.6312767401225111,-0.31684708959603325,-0.10572243990562463,0.026503886604717947,0.16867099564409294,0.28243498731893313,-0.6312767401225111,-0.31684708959603325,-0.10572243990562463
1946,0.04992206975761104,0.18435858629929386,0.2948735759943753,-0.6247162116159407,-0.31232185764646825,-0.10257567971889292,0.04992206975761104,0.18435858629929386,0.2948735759943753,-0.6247162116159407,-0.31232185764646825,-0.10257567971889292
1947,0.07036936703403032,0.20038711387911706,0.30698229926638104,-0.6188914716300595,-0.3087497449240776,-0.1005385161317201,0.07036936703403032,0.20038711387911706,0.30698229926638104,-0.6188914716300595,-0.3087497449240776,-0.1005385161317201
1948,0.08263377447823105,0.21426388955588843,0.3196915761736091,-0.6238018420090001,-0.309979010372192,-0.10242805413953204,0.08263377447823105,0.21426388955588843,0.3196915761736091,-0.6238018420090001,-0.309979010372192,-0.10242805413953204
1949,0.09297382524295629,0.22252596345498143,0.3296333966565838,-0.6333539474340344,-0.31570310045453664,-0.10537289533333954,0.09297382524295629,0.22252596345498143,0.3296333966565838,-0.6333539474340344,-0.31570310045453664,-0.10537289533333954
1950,0.10061321634584092,0.22952872036047817,0.3366977722056555,-0.6409091115240007,-0.3192290396595896,-0.10612648769782596,0.10061321634584092,0.22952872036047817,0.3366977722056555,-0.6409091115240007,-0.3192290396595896,-0.10612648769782596
1951,0.09207206124644321,0.2269155333861757,0.33793707007515844,-0.6550826564025053,-0.32721854271275114,-0.10967202475378646,0.09207206124644321,0.2269155333861757,0.33793707007515844,-0.6550826564025053,-0.32721854271275114,-0.10967202475378646
1952,0.0889034052691509,0.22432121681623382,0.3359280586731155,-0.6610245741438564,-0.3318795659574374,-0.11105597189497601,0.0889034052691509,0.22432121681623382,0.3359280586731155,-0.6610245741438564,-0.3318795659574374,-0.11105597189497601
1953,0.08689346177255608,0.22361945506975428,0.3361333248146928,-0.671925852187713,-0.3369118972570487,-0.11352210765321835,0.08689346177255608,0.22361945506975428,0.3361333248146928,-0.671925852187713,-0.3369118972570487,-0.11352210765321835
1954,0.08526746675398084,0.2225284523630617,0.33801160436812944,-0.6803840427771762,-0.3438301411139455,-0.11611310539799988,0.08526746675398084,0.2225284523630617,0.33801160436812944,-0.6803840427771762,-0.3438301411139455,-0.11611310539799988
1955,0.08408093148579902,0.22413653148201804,0.3415958295308199,-0.6924155994580073,-0.34990536984609955,-0.11888546192339189,0.08408093148579902,0.22413653148201804,0.3415958295308199,-0.6924155994580073,-0.34990536984609955,-0.11888546192339189
1956,0.0863903973574964,0.22784530660484664,0.3484416596667028,-0.7088943476549774,-0.3595652905596538,-0.12313319095428626,0.0863903973574964,0.22784530660484664,0.3484416596667028,-0.7088943476549774,-0.3595652905596538,-0.12313319095428626
1957,0.09235694759624245,0.23656090967159443,0.3619875190470525,-0.7323294863215758,-0.3728696317990169,-0.12911872192986884,0.09235694759624245,0.23656090967159443,0.3619875190470525,-0.7323294863215758,-0.3728696317990169,-0.12911872192986884
1958,0.10062160919980204,0.24999350133865714,0.37775463769923057,-0.7527972670005606,-0.38653411070731486,-0.13480457535174878,0.10062160919980204,0.24999350133865714,0.37775463769923057,-0.7527972670005606,-0.38653411070731486,-0.13480457535174878
1959,0.11508259086324246,0.2631243612942849,0.3918326713146001,-0.7660773253768033,-0.3934404064030692,-0.13708190700868006,0.11508259086324246,0.2631243612942849,0.3918326713146001,-0.7660773253768033,-0.3934404064030692,-0.13708190700868006
1960,0.11792924202606905,0.26980380305002666,0.3982303905472428,-0.7809027116388974,-0.4036711651997822,-0.13981329949356663,0.11792924202606905,0.26980380305002666,0.3982303905472428,-0.7809027116388974,-0.4036711651997822,-0.13981329949356663
1961,0.11593972753383869,0.2705924693973467,0.4024924986179093,-0.7994957672304877,-0.41475078810651755,-0.14295927736853514,0.11593972753383869,0.2705924693973467,0.4024924986179093,-0.7994957672304877,-0.41475078810651755,-0.14295927736853514
1962,0.10829780813379446,0.265345705487747,0.4035579352976387,-0.820356156811268,-0.42650386904706594,-0.1464516293205252,0.10829780813379446,0.265345705487747,0.4035579352976387,-0.820356156811268,-0.42650386904706594,-0.1464516293205252
1963,0.08687509163549088,0.24698284412910076,0.38662003927226074,-0.8379069220745818,-0.4347467290699615,-0.1491635895513041,0.08687509163549088,0.24698284412910076,0.38662003927226074,-0.8379069220745818,-0.4347467290699615,-0.1491635895513041
1964,-0.004084290654891756,0.1643291743883773,0.31294114158919717,-0.8576630237902421,-0.4472041184033921,-0.15503050493599846,-0.004084290654891756,0.1643291743883773,0.31294114158919717,-0.8576630237902421,-0.4472041184033921,-0.15503050493599846
1965,-0.032797195836463094,0.1386919569356426,0.29295223491239963,-0.875382146156745,-0.45424817418665686,-0.15873232101506532,-0.032797195836463094,0.1386919569356426,0.29295223491239963,-0.875382146156745,-0.45424817418665686,-0.15873232101506532
1966,-0.019987881510789087,0.15127796072625535,0.3136106053236085,-0.8923314926319403,-0.4635894063323138,-0.16324141901359163,-0.019987881510789087,0.15127796072625535,0.3136106053236085,-0.8923314926319403,-0.4635894063323138,-0.16324141901359163
1967,0.029404775411173402,0.20255343751999744,0.36347712583146824,-0.9088592322720304,-0.4726023131203902,-0.16663450448971395,0.029404775411173402,0.20255343751999744,0.36347712583146824,-0.9088592322720304,-0.4726023131203902,-0.16663450448971395
1968,0.039977828170170995,0.2181990674300115,0.3770629968158642,-0.9251795171483786,-0.4823139555622931,-0.1704619064116366,0.039977828170170995,0.2181990674300115,0.3770629968158642,-0.9251795171483786,-0.4823139555622931,-0.1704619064116366
1969,0.061377538366367945,0.2384260083312955,0.4015435919210343,-0.9419333736555137,-0.492058859426781,-0.17390563942495785,0.061377538366367945,0.2384260083312955,0.4015435919210343,-0.9419333736555137,-0.492058859426781,-0.17390563942495785
1970,0.08674194655112699,0.26256120128481336,0.42712459786947277,-0.959778201538469,-0.5022485982769975,-0.1771095035502891,0.08674194655112699,0.26256120128481336,0.42712459786947277,-0.959778201538469,-0.5022485982769975,-0.1771095035502891
1971,0.09547568247949499,0.2773841459607955,0.4463652270289943,-0.9839931679471697,-0.5161962769456261,-0.18356186902932492,0.09547568247949499,0.2773841459607955,0.4463652270289943,-0.9839931679471697,-0.5161962769456261,-0.18356186902932492
1972,0.0921762103542652,0.2773961410983099,0.448120478911405,-1.005280942187934,-0.5279744023782895,-0.18761516818386198,0.0921762103542652,0.2773961410983099,0.448120478911405,-1.005280942187934,-0.5279744023782895,-0.18761516818386198
1973,0.09786484393597068,0.28866662295564544,0.46324128081581384,-1.0317716735034719,-0.5426362316379243,-0.1936344456914434,0.09786484393597068,0.28866662295564544,0.46324128081581384,-1.0317716735034719,-0.5426362316379243,-0.1936344456914434
1974,0.11958240902277417,0.3076634715659578,0.48638977056374244,-1.053419457722267,-0.5545227144740092,-0.19755585973222534,0.11958240902277417,0.3076634715659578,0.48638977056374244,-1.053419457722267,-0.5545227144740092,-0.19755585973222534
1975,0.12757126751737163,0.3153188931109855,0.4916854855996263,-1.0684079876803394,-0.5619898234789653,-0.1997598864716631,0.12757126751737163,0.3153188931109855,0.4916854855996263,-1.0684079876803394,-0.5619898234789653,-0.1997598864716631
1976,0.11812911292491587,0.3101199477543263,0.48549484472735205,-1.0793455359719788,-0.5679730660210552,-0.20051737304928596,0.11812911292491587,0.3101199477543263,0.48549484472735205,-1.0793455359719788,-0.5679730660210552,-0.20051737304928596
1977,0.13361717736900283,0.3269812173245922,0.5050020488344718,-1.101404372576859,-0.5783475101988642,-0.2053024082492375,0.13361717736900283,0.3269812173245922,0.5050020488344718,-1.101404372576859,-0.5783475101988642,-0.2053024082492375
1978,0.16183561241851274,0.35500155971589276,0.5358101481903936,-1.1231069581071158,-0.5870354300577202,-0.2083234214358507,0.16183561241851274,0.35500155971589276,0.5358101481903936,-1.1231069581071158,-0.5870354300577202,-0.2083234214358507
1979,0.19099163011594236,0.38543027489319404,0.569718983955805,-1.1442867677226336,-0.5959708663791699,-0.21105429580707402,0.19099163011594236,0.38543027489319404,0.569718983955805,-1.1442867677226336,-0.5959708663791699,-0.21105429580707402
1980,0.21713263458182636,0.4127830634240423,0.600850420074527,-1.1646129089795034,-0.6054354578502791,-0.21411178339317016,0.21713263458182636,0.4127830634240423,0.600850420074527,-1.1646129089795034,-0.6054354578502791,-0.21411178339317016
1981,0.23624900356747464,0.4318627628243573,0.6180087397051178,-1.1785238181595827,-0.6113960737871786,-0.21614772355262935,0.23624900356747464,0.4318627628243573,0.6180087397051178,-1.1785238181595827,-0.6113960737871786,-0.21614772355262935
1982,0.25912242020404963,0.4501147747627958,0.6353937950683446,-1.1817708875501691,-0.6128755732914991,-0.21594100473570144,0.25912242020404963,0.4501147747627958,0.6353937950683446,-1.1817708875501691,-0.6128755732914991,-0.21594100473570144
1983,0.23961859637020602,0.4358734322791762,0.6159487660462013,-1.1991874522373525,-0.6173118837129661,-0.2186685914346218,0.23961859637020602,0.4358734322791762,0.6159487660462013,-1.1991874522373525,-0.6173118837129661,-0.2186685914346218
1984,0.21434324883305353,0.39933061989622487,0.5810344482060259,-1.192107205993655,-0.6157948939067562,-0.21634156027386386,0.21434324883305353,0.39933061989622487,0.5810344482060259,-1.192107205993655,-0.6157948939067562,-0.21634156027386386
1985,0.23515227255942217,0.4176234615483575,0.5965000446604293,-1.1982043880178799,-0.6175712975349683,-0.21722050707806317,0.23515227255942217,0.4176234615483575,0.5965000446604293,-1.1982043880178799,-0.6175712975349683,-0.21722050707806317
1986,0.27080820963993707,0.4530560610151818,0.6306890827154339,-1.2049717152181665,-0.6215376993420505,-0.2196059139198241,0.27080820963993707,0.4530560610151818,0.6306890827154339,-1.2049717152181665,-0.6215376993420505,-0.2196059139198241
1987,0.3015295768297216,0.48082105075776077,0.6581825065629686,-1.213530654637616,-0.6259294305963439,-0.22063441351163515,0.3015295768297216,0.48082105075776077,0.6581825065629686,-1.213530654637616,-0.6259294305963439,-0.22063441351163515
1988,0.3285084552965235,0.5074549855783833,0.6873345526333827,-1.2280200164211188,-0.6336745851140472,-0.22408503678871972,0.3285084552965235,0.5074549855783833,0.6873345526333827,-1.2280200164211188,-0.6336745851140472,-0.22408503678871972
1989,0.3647572134855687,0.5420465396289889,0.7206113732621819,-1.243619597137888,-0.6395445759401766,-0.22589401822601274,0.3647572134855687,0.5420465396289889,0.7206113732621819,-1.243619597137888,-0.6395445759401766,-0.22589401822601274
1990,0.4084469195241609,0.5830949695432976,0.7620874924929559,-1.256035999840824,-0.6423033192698372,-0.22626424266343104,0.4084469195241609,0.5830949695432976,0.7620874924929559,-1.256035999840824,-0.6423033192698372,-0.22626424266343104
1991,0.43581140931731166,0.6115586790187639,0.7900623186886733,-1.268299276519556,-0.6456870298663608,-0.22805523896570767,0.43581140931731166,0.6115586790187639,0.7900623186886733,-1.268299276519556,-0.6456870298663608,-0.22805523896570767
1992,0.38845185242403535,0.5738816177194328,0.7545717106216807,-1.2925584055749415,-0.663856289700425,-0.236088751458166,0.38845185242403535,0.5738816177194328,0.7545717106216807,-1.2925584055749415,-0.663856289700425,-0.236088751458166
1993,0.28371030698564176,0.47294901374921067,0.6636762019186813,-1.2883866953111687,-0.6538562061922543,-0.23003319113142995,0.28371030698564176,0.47294901374921067,0.6636762019186813,-1.2883866953111687,-0.6538562061922543,-0.23003319113142995
1994,0.307391634712949,0.4921888253314827,0.6718075533119854,-1.2874260825928245,-0.6521695508963239,-0.22915769999907676,0.307391634712949,0.4921888253314827,0.6718075533119854,-1.2874260825928245,-0.6521695508963239,-0.22915769999907676
1995,0.376462175077615,0.5571458464881386,0.7400145886037162,-1.307064856556984,-0.6625728911254491,-0.23061324825165364,0.376462175077615,0.5571458464881386,0.7400145886037162,-1.307064856556984,-0.6625728911254491,-0.23061324825165364
1996,0.45117997577966407,0.6230958133452238,0.8008722109940509,-1.309116829171221,-0.6583732889114946,-0.22697698688127166,0.45117997577966407,0.6230958133452238,0.8008722109940509,-1.309116829171221,-0.6583732889114946,-0.22697698688127166
1997,0.4999303654992361,0.6715334901499882,0.8411411969302717,-1.3037462575924814,-0.6517004067940382,-0.22478759879009302,0.4999303654992361,0.6715334901499882,0.8411411969302717,-1.3037462575924814,-0.6517004067940382,-0.22478759879009302
1998,0.5228852180593848,0.6977241185342797,0.8732131004469055,-1.333596655939409,-0.672887990177152,-0.23383619782046794,0.5228852180593848,0.6977241185342797,0.8732131004469055,-1.333596655939409,-0.672887990177152,-0.23383619782046794
1999,0.5478275464770263,0.72960537522395,0.9071907439478274,-1.3498993225155522,-0.6806318595955911,-0.23393416811498202,0.5478275464770263,0.72960537522395,0.9071907439478274,-1.3498993225155522,-0.6806318595955911,-0.23393416811498202
2000,0.5944087084775893,0.7767816663171438,0.9446663630761221,-1.3398427547024707,-0.6654732442491408,-0.22601508982746799,0.5944087084775893,0.7767816663171438,0.9446663630761221,-1.3398427547024707,-0.6654732442491408,-0.22601508982746799
2001,0.6426235495223448,0.8190151157070118,0.9804099317623605,-1.3223902840042916,-0.6510391752051794,-0.22114239660387847,0.6426235495223448,0.8190151157070118,0.9804099317623605,-1.3223902840042916,-0.6510391752051794,-0.22114239660387847
2002,0.676243007778669,0.849135181752044,1.0088427812135523,-1.3140319875754627,-0.6442365632320718,-0.22006971899555683,0.676243007778669,0.849135181752044,1.0088427812135523,-1.3140319875754627,-0.6442365632320718,-0.22006971899555683
2003,0.696427430177712,0.8693088341981579,1.0306807325305707,-1.3234273602920004,-0.6518088111002023,-0.22543778265368286,0.696427430177712,0.8693088341981579,1.0306807325305707,-1.3234273602920004,-0.6518088111002023,-0.22543778265368286
2004,0.7018365263520019,0.8757413849646316,1.0380932947687402,-1.3399881738268749,-0.659673414625739,-0.22923102826995478,0.7018365263520019,0.8757413849646316,1.0380932947687402,-1.3399881738268749,-0.659673414625739,-0.22923102826995478
2005,0.7151095628520513,0.8879767265083216,1.0506561882355139,-1.3509142359102182,-0.666926233661398,-0.2306708092930536,0.7151095628520513,0.8879767265083216,1.0506561882355139,-1.3509142359102182,-0.666926233661398,-0.2306708092930536
2006,0.7248693023157742,0.8965242343155579,1.0580932478552818,-1.3605662672788288,-0.6742209296656418,-0.23387672501397128,0.7334978312973677,0.9031059652694388,1.0629729482022987,-1.3539907861037332,-0.6687862613414508,-0.23089902770555937
2007,0.7353965637164361,0.9063851316222344,1.0665732079011407,-1.3734215921955166,-0.6822911386823938,-0.23733776409680463,0.7490790547037036,0.9198541488138485,1.0761037045474175,-1.3570088842574297,-0.6696673885446545,-0.23136552492659346
2008,0.7520764090163468,0.9212561240930283,1.0796308509541894,-1.3790001780937036,-0.6844369799425221,-0.23628120099768446,0.7658841014997468,0.9366935452066889,1.0895868685527654,-1.3609605083758165,-0.6708829399273575,-0.23267333960280756
2009,0.7749805261916932,0.944414464813878,1.101575239126948,-1.379207058673401,-0.6805785367705411,-0.2337913202669244,0.7829181198836621,0.9549293399640231,1.1076382486515037,-1.3638691501538727,-0.6729091983738283,-0.23254668256098165
2010,0.7983744933296435,0.9702911464239796,1.1258815830406688,-1.3734582861367486,-0.6750887965137413,-0.2292122498256215,0.7977293768241804,0.969650995364076,1.1241007179331415,-1.3698384772073426,-0.6739549293974869,-0.23255611363890072
2011,0.823398210871287,0.9985785764407908,1.15143741082795,-1.3776326050765901,-0.6737671019814977,-0.2282016986776002,0.8229626094414637,0.9945615080251033,1.151296265177241,-1.3767419143114719,-0.6750652056244888,-0.23459115082016402
2012,0.851623176764885,1.0265933173886217,1.1807456169649782,-1.37848769080765,-0.6696292046379231,-0.2274367327867688,0.8471993933004969,1.0192606112975573,1.1770326006994416,-1.3834178193633,-0.676021248140444,-0.23439970152144163
2013,0.8784478064283027,1.0566219445013694,1.2118400278032382,-1.3866000447984976,-0.670205902143238,-0.22895903277897056,0.8719249942525529,1.0499879969168804,1.2067072560281757,-1.3900909688351177,-0.6777866291857544,-0.23556148214838935
2014,0.9118013043551803,1.0913707726543127,1.2539471890246168,-1.3821508710902755,-0.664258453763583,-0.22431047536294746,0.9002905501722009,1.0774009989024393,1.2374181572154546,-1.3964327268992154,-0.679918262638544,-0.23504761364048243
2015,0.9402187579990136,1.123807875469339,1.2876783968723382,-1.3845372723079994,-0.6616788304999017,-0.22405403406256408,0.9236776608115744,1.1045589411500556,1.2685845580832456,-1.4027949082879805,-0.6818522756180492,-0.2357838896807516
2016,0.9627635038361059,1.1456192880496865,1.3115483147761846,-1.389008123510941,-0.6629725394251242,-0.225436643541987,0.9446260693021352,1.1249992711420929,1.2889847870662472,-1.4091463593552653,-0.6839229144134551,-0.23647735861778163
2017,0.9889291911438156,1.1743096485650826,1.3385431523263447,-1.374143850493792,-0.6514799680071255,-0.21987854099750814,0.9562622683792509,1.140853483016611,1.308156768294233,-1.415131483103477,-0.6855243978196881,-0.23559617533489274
2018,1.00955705776067,1.2025911411807135,1.3730770991445316,-1.3758596410437767,-0.6458150822576005,-0.21759506549014507,0.9765162211312783,1.1624311386450827,1.3281526948362457,-1.4211358073131515,-0.687131856510439,-0.23607117596294303
2019,1.0337696876061686,1.2295904343362019,1.403787704087872,-1.3743068763179402,-0.6410313551196576,-0.21523860957284358,0.9931010965730663,1.1809116291594346,1.3506365035697108,-1.4270349326472522,-0.6888172047593344,-0.23599815763322596
2020,1.0436283468259522,1.2416828118341003,1.4237858344462944,-1.3855705910728455,-0.6462162255449748,-0.2198155804712325,1.0101243781671578,1.1996724115206752,1.3718965225877573,-1.4331442145974242,-0.6919470630011548,-0.2377678720204901
2021,1.0705054629239437,1.2745932293647086,1.453409646301557,-1.3600764445328282,-0.6291053850757307,-0.20946842365214557,1.0156984119792032,1.2128178893384614,1.3904634448332178,-1.4359721542457369,-0.690724516791507,-0.2346474939037324
2022,1.0910923101368237,1.301321618099301,1.4908332889506433,-1.3653455146384093,-0.6317524720144372,-0.21573176889683943,1.0420309856614434,1.242904651574559,1.4213727953934423,-1.4385436800786802,-0.6923486490105848,-0.23545740105195923
2023,1.1222196104032138,1.3388235124321757,1.5383910835829133,-1.3440696670214483,-0.6161875203958462,-0.20596326189659298,1.0581655458057748,1.2660659602248714,1.4464324420487136,-1.4415793991150752,-0.6924922872375339,-0.23452853953289576
